0.030797267968,0
0.03927926825,1
0.049867762052,2
0.058349762335,3
0.083456286599,4
0.123235235285,5
0.131717235568,6
0.147865214777,7
0.156897304438,8
0.166970499009,9
0.198149549079,10
0.206631549362,11
0.215113549645,12
0.223595549928,13
0.232077550211,14
0.240559550493,15
0.264375849088,16
0.310518513057,17
0.329781388385,18
0.338263388668,19
0.355406974443,20
0.363888974726,21
0.372370975009,22
0.380852975292,23
0.40576445343,24
0.414618381226,25
0.423100381509,26
0.431582381792,27
0.442591592938,28
0.45107359322,29
0.459984599063,30
0.468466599346,31
0.476948599629,32
0.485430599911,33
0.494627330171,34
0.529162311578,35
0.542903979493,36
0.551385979776,37
0.559867980058,38
0.569497884795,39
0.577979885078,40
0.586461885361,41
0.596757388149,42
0.605239388432,43
0.613721388715,44
0.622203388998,45
0.630685389281,46
0.639167389564,47
0.647649389847,48
0.681735971418,49
0.6902179717,50
0.698699971983,51
0.707181972266,52
0.715663972549,53
0.724145972832,54
0.732627973115,55
0.741109973398,56
0.749591973681,57
0.758073973964,58
0.766555974247,59
0.77503797453,60
0.783519974813,61
0.792001975096,62
0.800483975379,63
0.808965975661,64
0.817447975944,65
0.825929976227,66
0.83441197651,67
0.842893976793,68
0.883927331816,69
0.895069074151,70
0.911200017955,71
0.919682018238,72
0.92816401852,73
0.936646018803,74
0.945128019086,75
0.953610019369,76
0.962092019652,77
0.970574019935,78
0.979056020218,79
0.987538020501,80
0.996020020784,81
1.004502021067,82
1.01298402135,83
1.021466021633,84
1.029948021916,85
1.038430022199,86
1.046912022482,87
1.055394022764,88
1.063876023047,89
1.07235802333,90
1.080840023613,91
1.089322023896,92
1.097804024179,93
1.106286024462,94
1.114768024745,95
1.123250025028,96
1.131732025311,97
1.140214025594,98
1.148696025877,99
1.160643722754,100
1.169125723037,101
1.17760772332,102
1.186089723603,103
1.195326431383,104
1.203808431666,105
1.234982852504,106
1.243464852787,107
1.264575860378,108
1.279002723666,109
1.287484723949,110
1.303410032534,111
1.311892032817,112
1.335024251315,113
1.345470681579,114
1.371088647834,115
1.38524124351,116
1.400744155253,117
1.409226155536,118
1.446599370606,119
1.458992935147,120
1.46747493543,121
1.476798522188,122
1.485280522471,123
1.493762522754,124
1.502244523037,125
1.51072652332,126
1.519208523603,127
1.527690523886,128
1.536172524168,129
1.544654524451,130
1.553136524734,131
1.561618525017,132
1.5701005253,133
1.578582525583,134
1.587064525866,135
1.595546526149,136
1.613144468713,137
1.621626468996,138
1.630108469279,139
1.652211059127,140
1.671901830719,141
1.68650606515,142
1.694988065433,143
1.718004803486,144
1.733036094286,145
1.814220783233,146
1.822702783516,147
1.840474130955,148
1.848956131238,149
1.857438131521,150
1.865920131804,151
1.878266987359,152
1.898027617234,153
1.908130189112,154
1.916612189395,155
1.925094189678,156
1.93357618996,157
1.942058190243,158
1.952225597659,159
1.976378871298,160
2.020898399886,161
2.044137327511,162
2.052619327794,163
2.061101328077,164
2.06958332836,165
2.078065328643,166
2.086547328926,167
2.095029329209,168
2.103511329492,169
2.111993329775,170
2.120475330058,171
2.128957330341,172
2.137439330624,173
2.145921330907,174
2.154403331189,175
2.162885331472,176
2.171367331755,177
2.179849332038,178
2.188331332321,179
2.196813332604,180
2.213742845387,181
2.225164802259,182
2.234369758421,183
2.245066301701,184
2.260783726681,185
2.269265726964,186
2.277747727247,187
2.28622972753,188
2.294711727813,189
2.311332334356,190
2.327476504094,191
2.335958504376,192
2.344440504659,193
2.352922504942,194
2.361404505225,195
2.369886505508,196
2.378368505791,197
2.386850506074,198
2.395332506357,199
2.40381450664,200
2.412296506923,201
2.420778507206,202
2.429260507489,203
2.437742507772,204
2.446224508055,205
2.454706508337,206
2.490780831888,207
2.499262832171,208
2.507744832454,209
2.516226832737,210
2.524708833019,211
2.533190833302,212
2.541672833585,213
2.550154833868,214
2.558636834151,215
2.570151503078,216
2.58204955499,217
2.606779410706,218
2.615261410989,219
2.629810940634,220
2.638292940917,221
2.668913331199,222
2.682870691065,223
2.691352691348,224
2.721117077594,225
2.736867174035,226
2.745349174318,227
2.753831174601,228
2.762313174884,229
2.770795175167,230
2.77927717545,231
2.787759175733,232
2.796241176016,233
2.804723176299,234
2.813205176582,235
2.821687176865,236
2.830169177148,237
2.83865117743,238
2.847133177713,239
2.855615177996,240
2.864097178279,241
2.872579178562,242
2.881061178845,243
2.889543179128,244
2.898025179411,245
2.906507179694,246
2.914989179977,247
2.92347118026,248
2.931953180543,249
2.941860349944,250
2.969946254409,251
2.978428254692,252
2.986910254975,253
2.995392255258,254
3.030392798331,255
3.038874798614,256
3.047356798897,257
3.05583879918,258
3.064320799463,259
3.072802799746,260
3.084444028842,261
3.102897974032,262
3.111379974315,263
3.119861974598,264
3.128343974881,265
3.136825975164,266
3.171762543962,267
3.19686122367,268
3.205343223953,269
3.240921035267,270
3.24940303555,271
3.279870370026,272
3.313910053482,273
3.333175559282,274
3.345121123401,275
3.370006261788,276
3.378488262071,277
3.396848522705,278
3.408392666209,279
3.416874666492,280
3.425356666775,281
3.433838667058,282
3.463690405728,283
3.47217240601,284
3.480654406293,285
3.491997541577,286
3.50047954186,287
3.508961542143,288
3.520001339329,289
3.528483339612,290
3.536965339895,291
3.545447340178,292
3.553929340461,293
3.562411340744,294
3.602494018413,295
3.641373575312,296
3.669818227228,297
3.687667384876,298
3.696149385159,299
3.704631385441,300
3.713113385724,301
3.721595386007,302
3.73007738629,303
3.738559386573,304
3.747041386856,305
3.755523387139,306
3.764005387422,307
3.772487387705,308
3.780969387988,309
3.789451388271,310
3.797933388554,311
3.806415388837,312
3.81489738912,313
3.823379389402,314
3.831861389685,315
3.840343389968,316
3.848825390251,317
3.857307390534,318
3.865789390817,319
3.8742713911,320
3.882753391383,321
3.891235391666,322
3.899717391949,323
3.908199392232,324
3.916681392515,325
3.925163392798,326
3.933645393081,327
3.942127393363,328
3.950609393646,329
3.959091393929,330
3.967573394212,331
3.976055394495,332
3.984537394778,333
3.993019395061,334
4.001501395344,335
4.009983395627,336
4.01846539591,337
4.026947396193,338
4.035429396476,339
4.043911396759,340
4.052393397042,341
4.060875397324,342
4.069357397607,343
4.07783939789,344
4.086321398173,345
4.094803398456,346
4.103285398739,347
4.111767399022,348
4.120249399305,349
4.128731399588,350
4.137213399871,351
4.145695400154,352
4.154177400437,353
4.16265940072,354
4.171141401003,355
4.179623401286,356
4.188105401568,357
4.199362987372,358
4.208781031921,359
4.217263032204,360
4.241755887446,361
4.250237887729,362
4.264574682425,363
4.273056682708,364
4.298811549099,365
4.312866713907,366
4.327299279794,367
4.335781280077,368
4.349029651873,369
4.361158882235,370
4.369640882518,371
4.378122882801,372
4.386604883084,373
4.42403012037,374
4.432512120653,375
4.442111083143,376
4.465510806866,377
4.473992807149,378
4.509250809929,379
4.519540031503,380
4.540168863932,381
4.568911022364,382
4.589193842497,383
4.59767584278,384
4.606157843063,385
4.614639843346,386
4.623121843629,387
4.631603843912,388
4.640085844195,389
4.648567844478,390
4.657049844761,391
4.6816816387,392
4.690163638983,393
4.698645639266,394
4.707127639549,395
4.715609639832,396
4.724091640115,397
4.732845591626,398
4.741327591909,399
4.768975821043,400
4.793411352105,401
4.801893352388,402
4.810375352671,403
4.818857352954,404
4.827339353237,405
4.83582135352,406
4.844303353803,407
4.852785354086,408
4.861267354369,409
4.869749354652,410
4.878231354935,411
4.886713355217,412
4.8951953555,413
4.903677355783,414
4.912159356066,415
4.920641356349,416
4.929123356632,417
4.952649381111,418
4.961131381394,419
4.969613381677,420
4.97809538196,421
4.986577382243,422
5.035976093032,423
5.044458093315,424
5.055133770003,425
5.063615770286,426
5.072097770569,427
5.080579770852,428
5.089061771135,429
5.097543771418,430
5.106025771701,431
5.114507771984,432
5.122989772267,433
5.13147177255,434
5.139953772833,435
5.148435773116,436
5.156917773399,437
5.168919559489,438
5.199997474272,439
5.208479474554,440
5.216961474837,441
5.22544347512,442
5.233925475403,443
5.279924955742,444
5.321599225603,445
5.349839243762,446
5.358321244045,447
5.412017097437,448
5.42049909772,449
5.428981098003,450
5.452982961708,451
5.461464961991,452
5.470217989631,453
5.478699989914,454
5.487181990197,455
5.512299517172,456
5.520781517455,457
5.529263517738,458
5.537745518021,459
5.546227518304,460
5.554709518586,461
5.563191518869,462
5.571673519152,463
5.580155519435,464
5.588637519718,465
5.597119520001,466
5.605601520284,467
5.628927713129,468
5.640989101314,469
5.665224116162,470
5.699027058049,471
5.715699360688,472
5.730130049307,473
5.771421379255,474
5.833642934407,475
5.84212493469,476
5.850606934973,477
5.859088935255,478
5.867570935538,479
5.876052935821,480
5.884534936104,481
5.893016936387,482
5.90149893667,483
5.909980936953,484
5.941281128582,485
5.950780438034,486
5.959262438317,487
5.9677444386,488
5.992649680523,489
6.001131680805,490
6.009613681088,491
6.018095681371,492
6.026577681654,493
6.035059681937,494
6.04354168222,495
6.052023682503,496
6.060505682786,497
6.068987683069,498
6.077469683352,499
6.085951683635,500
6.094433683918,501
6.109176754614,502
6.132970506371,503
6.141452506654,504
6.149934506937,505
6.15841650722,506
6.166898507503,507
6.175380507786,508
6.183862508069,509
6.192344508352,510
6.200826508635,511
6.209308508918,512
6.2177905092,513
6.226272509483,514
6.234754509766,515
6.253731349257,516
6.263146029934,517
6.271628030217,518
6.2801100305,519
6.288592030783,520
6.297074031066,521
6.305556031349,522
6.314038031632,523
6.327764280309,524
6.336246280592,525
6.344728280875,526
6.353210281158,527
6.36169228144,528
6.370174281723,529
6.378656282006,530
6.387138282289,531
6.395620282572,532
6.404102282855,533
6.412584283138,534
6.421066283421,535
6.434018785317,536
6.4425007856,537
6.450982785883,538
6.459464786166,539
6.468223008642,540
6.507710795922,541
6.516192796205,542
6.524674796488,543
6.542386162656,544
6.550941640691,545
6.559423640974,546
6.574594474489,547
6.583076474772,548
6.591558475055,549
6.600040475338,550
6.608522475621,551
6.617004475904,552
6.625486476187,553
6.63396847647,554
6.642450476753,555
6.654296795338,556
6.665870792865,557
6.674352793148,558
6.714887283161,559
6.739535913789,560
6.748017914072,561
6.778585370495,562
6.787939791153,563
6.818754983724,564
6.840011224265,565
6.881423347199,566
6.911699557745,567
6.920181558028,568
6.928663558311,569
6.937145558594,570
6.956834019309,571
6.965316019592,572
6.973798019875,573
6.989304333431,574
6.997786333714,575
7.025015352169,576
7.033497352451,577
7.041979352734,578
7.050461353017,579
7.0589433533,580
7.067425353583,581
7.075907353866,582
7.084389354149,583
7.092871354432,584
7.101353354715,585
7.109835354998,586
7.118317355281,587
7.139872302116,588
7.153270525446,589
7.162303761571,590
7.170785761854,591
7.241011251474,592
7.249493251757,593
7.25797525204,594
7.266457252323,595
7.306407305461,596
7.314889305744,597
7.323371306027,598
7.33185330631,599
7.340335306592,600
7.348817306875,601
7.357299307158,602
7.365781307441,603
7.374263307724,604
7.382745308007,605
7.39122730829,606
7.399709308573,607
7.408191308856,608
7.422946990994,609
7.431428991277,610
7.43991099156,611
7.448392991843,612
7.456874992126,613
7.465356992409,614
7.473838992692,615
7.547458219388,616
7.555940219671,617
7.567998639269,618
7.580178147175,619
7.600301364642,620
7.645171147875,621
7.671635958403,622
7.688991649848,623
7.703369466982,624
7.711851467265,625
7.720333467548,626
7.728815467831,627
7.737297468114,628
7.745779468397,629
7.75426146868,630
7.762743468963,631
7.785995075414,632
7.794477075697,633
7.80295907598,634
7.811441076263,635
7.819923076546,636
7.838575943514,637
7.871530967056,638
7.920730180209,639
7.929212180492,640
7.937694180775,641
7.946176181058,642
7.954658181341,643
7.963140181624,644
7.984981504374,645
7.993463504657,646
8.001945504939,647
8.010427505222,648
8.018909505505,649
8.027391505788,650
8.035873506071,651
8.044355506354,652
8.052837506637,653
8.06131950692,654
8.069801507203,655
8.09809651001,656
8.106578510293,657
8.128059581396,658
8.136541581679,659
8.145023581962,660
8.153505582245,661
8.161987582528,662
8.170469582811,663
8.178951583094,664
8.187433583377,665
8.19591558366,666
8.204397583943,667
8.212879584225,668
8.221361584508,669
8.229843584791,670
8.238325585074,671
8.250018445251,672
8.265568979568,673
8.274807323106,674
8.283289323389,675
8.291771323672,676
8.300253323955,677
8.308735324238,678
8.317217324521,679
8.325699324804,680
8.334181325087,681
8.34266332537,682
8.351145325652,683
8.359627325935,684
8.387349148651,685
8.395831148934,686
8.412881496985,687
8.421363497268,688
8.429845497551,689
8.438327497834,690
8.446809498117,691
8.455291498399,692
8.463773498682,693
8.472255498965,694
8.480737499248,695
8.489219499531,696
8.497701499814,697
8.506183500097,698
8.51466550038,699
8.523147500663,700
8.531629500946,701
8.540111501229,702
8.548593501512,703
8.557075501795,704
8.565557502078,705
8.57403950236,706
8.582521502643,707
8.591003502926,708
8.599485503209,709
8.607967503492,710
8.616449503775,711
8.624931504058,712
8.633413504341,713
8.641895504624,714
8.650377504907,715
8.65885950519,716
8.667341505473,717
8.675823505756,718
8.684305506039,719
8.692787506321,720
8.701269506604,721
8.709751506887,722
8.722273498937,723
8.774713497703,724
8.791803070461,725
8.800285070744,726
8.808767071027,727
8.81724907131,728
8.825731071593,729
8.834213071876,730
8.842695072159,731
8.851177072442,732
8.859659072725,733
8.868141073008,734
8.876623073291,735
8.885105073573,736
8.893587073856,737
8.902069074139,738
8.910551074422,739
8.919033074705,740
8.927515074988,741
8.935997075271,742
8.944479075554,743
8.957350940741,744
8.998066110675,745
9.006568543864,746
9.015050544147,747
9.02353254443,748
9.05247664833,749
9.061303329684,750
9.069785329967,751
9.090219856548,752
9.098701856831,753
9.107183857114,754
9.115665857397,755
9.12414785768,756
9.132629857963,757
9.141111858246,758
9.149593858529,759
9.158075858812,760
9.172162774971,761
9.206973684626,762
9.26475006255,763
9.273232062833,764
9.311052477467,765
9.32988813835,766
9.343400772373,767
9.351882772655,768
9.360364772938,769
9.368846773221,770
9.382607101173,771
9.391089101456,772
9.399571101739,773
9.408053102022,774
9.420271668603,775
9.442584548216,776
9.451066548499,777
9.459548548782,778
9.473268951467,779
9.493716131402,780
9.502198131684,781
9.510680131967,782
9.51916213225,783
9.527644132533,784
9.536126132816,785
9.544608133099,786
9.553090133382,787
9.561572133665,788
9.570054133948,789
9.578536134231,790
9.587018134514,791
9.61326718072,792
9.621749181003,793
9.630231181286,794
9.638713181569,795
9.647195181852,796
9.655677182135,797
9.664159182418,798
9.672641182701,799
9.681123182984,800
9.689605183267,801
9.69808718355,802
9.730409451021,803
9.738891451304,804
9.762954363294,805
9.780588763673,806
9.789070763956,807
9.797559735224,808
9.806041735507,809
9.826541303077,810
9.83502330336,811
9.843505303643,812
9.851987303926,813
9.860469304209,814
9.868951304492,815
9.877433304775,816
9.885915305058,817
9.894397305341,818
9.902879305624,819
9.911361305907,820
9.91984330619,821
9.928325306473,822
9.936807306755,823
9.945289307038,824
9.961295832472,825
9.969777832755,826
9.978259833038,827
9.986741833321,828
9.995223833604,829
10.003812982635,830
10.023864822205,831
10.032346822488,832
10.06125968245,833
10.069741682733,834
10.078223683016,835
10.086705683299,836
10.095187683581,837
10.103669683864,838
10.112151684147,839
10.12063368443,840
10.129115684713,841
10.144993553888,842
10.160852635691,843
10.169334635974,844
10.177816636257,845
10.18629863654,846
10.207874416374,847
10.223914349374,848
10.232396349657,849
10.24087834994,850
10.268427662007,851
10.283301028408,852
10.291783028691,853
10.300265028974,854
10.308747029257,855
10.31722902954,856
10.333915952969,857
10.364731026633,858
10.373213026916,859
10.381695027199,860
10.390177027482,861
10.42432801455,862
10.432810014833,863
10.441292015116,864
10.454626155294,865
10.463108155577,866
10.490257892541,867
10.498739892824,868
10.507221893106,869
10.515703893389,870
10.524185893672,871
10.532667893955,872
10.541149894238,873
10.549631894521,874
10.559954534558,875
10.575744305866,876
10.591347776091,877
10.599829776374,878
10.608311776656,879
10.623925795483,880
10.64297734757,881
10.651459347853,882
10.665727923042,883
10.68170477578,884
10.690186776063,885
10.707649793823,886
10.716131794106,887
10.724613794389,888
10.733095794672,889
10.741577794955,890
10.751486121875,891
10.759968122158,892
10.783950087593,893
10.795807871827,894
10.80428987211,895
10.812771872393,896
10.82841670432,897
10.836898704603,898
10.845380704886,899
10.853862705169,900
10.862344705452,901
10.892283139138,902
10.900765139421,903
10.909247139704,904
10.917729139987,905
10.926211140269,906
10.934693140552,907
10.943175140835,908
10.978054003966,909
10.986536004249,910
11.00316568989,911
11.013196221035,912
11.021678221318,913
11.030160221601,914
11.040724217458,915
11.049206217741,916
11.05810824306,917
11.066849211057,918
11.07533121134,919
11.102582771251,920
11.112289375837,921
11.133333344747,922
11.14885020852,923
11.157332208803,924
11.167121534508,925
11.175603534791,926
11.198070076917,927
11.2065520772,928
11.215034077483,929
11.223516077765,930
11.231998078048,931
11.240480078331,932
11.248962078614,933
11.257444078897,934
11.26592607918,935
11.274408079463,936
11.282890079746,937
11.291372080029,938
11.299854080312,939
11.308336080595,940
11.316818080878,941
11.325300081161,942
11.333782081444,943
11.342264081726,944
11.350746082009,945
11.359228082292,946
11.367710082575,947
11.397853018756,948
11.406335019039,949
11.414817019322,950
11.423299019605,951
11.431781019887,952
11.44026302017,953
11.448745020453,954
11.457227020736,955
11.477763564674,956
11.486245564957,957
11.49472756524,958
11.503209565523,959
11.511691565806,960
11.520173566089,961
11.528655566372,962
11.537137566655,963
11.545619566938,964
11.554101567221,965
11.562583567504,966
11.576235171841,967
11.584717172124,968
11.612159738006,969
11.620641738289,970
11.723362184769,971
11.731844185051,972
11.740326185334,973
11.748808185617,974
11.7572901859,975
11.765772186183,976
11.784950869215,977
11.804584186757,978
11.820029892542,979
11.829859147391,980
11.860517717891,981
11.868999718173,982
11.89349525331,983
11.915043137294,984
11.923525137577,985
11.935630426089,986
11.944112426372,987
11.952594426655,988
11.961076426938,989
11.969558427221,990
11.978040427504,991
11.986522427787,992
11.99500442807,993
12.011451338475,994
12.019933338758,995
12.028415339041,996
12.038916898165,997
12.047398898448,998
12.055880898731,999
12.064362899014,1000
12.072844899297,1001
12.087528244859,1002
12.096337910949,1003
12.104819911232,1004
12.113301911515,1005
12.136626298131,1006
12.147102767101,1007
12.155584767384,1008
12.164066767667,1009
12.17254876795,1010
12.181030768233,1011
12.189512768516,1012
12.197994768799,1013
12.206476769081,1014
12.214958769364,1015
12.223440769647,1016
12.23192276993,1017
12.240404770213,1018
12.248886770496,1019
12.268050871649,1020
12.286126744199,1021
12.308760530877,1022
12.31724253116,1023
12.325724531443,1024
12.385026318081,1025
12.393508318364,1026
12.401990318647,1027
12.41047231893,1028
12.42974335606,1029
12.469946538669,1030
12.485195972611,1031
12.493677972894,1032
12.502159973176,1033
12.510641973459,1034
12.519123973742,1035
12.527605974025,1036
12.536087974308,1037
12.544569974591,1038
12.553051974874,1039
12.561533975157,1040
12.57001597544,1041
12.578497975723,1042
12.586979976006,1043
12.595461976289,1044
12.603943976572,1045
12.634255117053,1046
12.642737117336,1047
12.651219117619,1048
12.659701117901,1049
12.668183118184,1050
12.676665118467,1051
12.68514711875,1052
12.693629119033,1053
12.702111119316,1054
12.711946463994,1055
12.721745200294,1056
12.736392447245,1057
12.744874447528,1058
12.75335644781,1059
12.761838448093,1060
12.770320448376,1061
12.778802448659,1062
12.787284448942,1063
12.795766449225,1064
12.817280298606,1065
12.825762298889,1066
12.834244299172,1067
12.853366365585,1068
12.861848365868,1069
12.870330366151,1070
12.878812366434,1071
12.887294366717,1072
12.895776367,1073
12.923245899996,1074
12.935487821141,1075
12.944312408344,1076
12.952794408627,1077
12.968274033457,1078
12.97675603374,1079
13.011155718145,1080
13.034845719219,1081
13.046382964875,1082
13.054864965158,1083
13.063346965441,1084
13.090732611169,1085
13.099655217315,1086
13.108137217598,1087
13.116619217881,1088
13.125101218164,1089
13.149269928867,1090
13.15775192915,1091
13.167612343924,1092
13.176094344206,1093
13.208773796767,1094
13.220229749168,1095
13.229877060302,1096
13.238359060585,1097
13.265878232649,1098
13.274360232932,1099
13.290721008284,1100
13.341204729411,1101
13.359560979239,1102
13.368343384006,1103
13.376825384289,1104
13.385307384572,1105
13.393789384855,1106
13.402271385138,1107
13.410753385421,1108
13.419235385704,1109
13.427717385987,1110
13.43619938627,1111
13.444681386553,1112
13.453163386835,1113
13.461645387118,1114
13.470127387401,1115
13.478609387684,1116
13.487091387967,1117
13.5017846289,1118
13.541152072362,1119
13.549634072645,1120
13.558116072928,1121
13.629054933166,1122
13.682018796182,1123
13.693114391589,1124
13.701596391872,1125
13.710078392155,1126
13.718560392438,1127
13.727042392721,1128
13.745462478573,1129
13.753944478855,1130
13.762482374848,1131
13.770964375131,1132
13.80187586414,1133
13.817523978578,1134
13.826005978861,1135
13.841152314018,1136
13.849634314301,1137
13.858116314584,1138
13.866598314867,1139
13.87508031515,1140
13.883562315433,1141
13.892044315716,1142
13.900526315999,1143
13.909008316282,1144
13.917490316565,1145
13.925972316848,1146
13.934454317131,1147
13.942936317414,1148
13.951418317696,1149
13.959900317979,1150
13.968382318262,1151
13.980871096862,1152
13.989353097145,1153
14.006478387101,1154
14.014960387384,1155
14.023442387667,1156
14.036542090978,1157
14.045024091261,1158
14.053506091544,1159
14.072024893695,1160
14.080506893978,1161
14.088988894261,1162
14.097470894544,1163
14.105952894827,1164
14.11443489511,1165
14.141208416336,1166
14.149690416619,1167
14.158172416902,1168
14.166654417185,1169
14.175136417468,1170
14.219525020529,1171
14.233866376944,1172
14.242348377227,1173
14.25083037751,1174
14.278187250152,1175
14.286669250435,1176
14.29522215811,1177
14.32636873642,1178
14.33948026081,1179
14.347962261093,1180
14.356444261376,1181
14.364926261659,1182
14.373408261942,1183
14.381890262224,1184
14.413116128079,1185
14.437312459913,1186
14.457636130538,1187
14.486726504557,1188
14.49520850484,1189
14.503690505123,1190
14.512172505406,1191
14.520654505689,1192
14.529136505972,1193
14.537618506255,1194
14.546100506538,1195
14.554582506821,1196
14.563064507104,1197
14.57401874278,1198
14.600318251446,1199
14.623938265516,1200
14.636639423641,1201
14.645121423924,1202
14.653603424207,1203
14.671518694159,1204
14.680000694442,1205
14.692142428418,1206
14.700624428701,1207
14.712988373809,1208
14.732764262101,1209
14.741246262384,1210
14.749728262667,1211
14.75821026295,1212
14.766692263233,1213
14.775174263516,1214
14.783656263799,1215
14.792138264082,1216
14.834533992336,1217
14.882908931037,1218
14.941893366957,1219
14.95037536724,1220
14.976825631514,1221
14.985307631797,1222
14.99378963208,1223
15.004542235721,1224
15.013024236004,1225
15.021506236287,1226
15.02998823657,1227
15.038470236853,1228
15.046952237136,1229
15.055434237418,1230
15.063916237701,1231
15.072398237984,1232
15.080880238267,1233
15.08936223855,1234
15.097844238833,1235
15.106326239116,1236
15.114808239399,1237
15.123290239682,1238
15.131772239965,1239
15.140254240248,1240
15.148736240531,1241
15.157218240814,1242
15.165700241097,1243
15.174182241379,1244
15.195819485392,1245
15.204301485675,1246
15.219856498623,1247
15.229580604561,1248
15.238062604844,1249
15.272961512694,1250
15.283906587099,1251
15.292388587381,1252
15.300870587664,1253
15.310167869626,1254
15.324367995761,1255
15.354139976066,1256
15.362621976349,1257
15.374778565717,1258
15.383260566,1259
15.39239883011,1260
15.429624398242,1261
15.476147927036,1262
15.499878431096,1263
15.508360431378,1264
15.531456026062,1265
15.543669569912,1266
15.552151570195,1267
15.560633570478,1268
15.569115570761,1269
15.577597571044,1270
15.595374827119,1271
15.611915827614,1272
15.630849202215,1273
15.639331202498,1274
15.654501737179,1275
15.664053104726,1276
15.672535105009,1277
15.685239003331,1278
15.693721003613,1279
15.702203003896,1280
15.710685004179,1281
15.739827609288,1282
15.748309609571,1283
15.756791609854,1284
15.765273610137,1285
15.790447574198,1286
15.814607706074,1287
15.83594419524,1288
15.874026930103,1289
15.940500204506,1290
15.948982204789,1291
15.957799284792,1292
15.966281285075,1293
15.975907925108,1294
15.984468618814,1295
15.992950619097,1296
16.011591101115,1297
16.026523242548,1298
16.03889016032,1299
16.047372160603,1300
16.061794284957,1301
16.087549223231,1302
16.106433346071,1303
16.168300766272,1304
16.176782766555,1305
16.185264766838,1306
16.224268298601,1307
16.248399354671,1308
16.261083737944,1309
16.269565738227,1310
16.290972224605,1311
16.300769227664,1312
16.309251227947,1313
16.31773322823,1314
16.326215228513,1315
16.334697228796,1316
16.343179229079,1317
16.351661229362,1318
16.360143229645,1319
16.368625229928,1320
16.377107230211,1321
16.385589230494,1322
16.394071230777,1323
16.40255323106,1324
16.411035231342,1325
16.419517231625,1326
16.427999231908,1327
16.436481232191,1328
16.444963232474,1329
16.453445232757,1330
16.46192723304,1331
16.470409233323,1332
16.478891233606,1333
16.487373233889,1334
16.50179190865,1335
16.510273908933,1336
16.524617281527,1337
16.535034086935,1338
16.543516087218,1339
16.561812090112,1340
16.585957216843,1341
16.594439217126,1342
16.602921217409,1343
16.625607431273,1344
16.634089431556,1345
16.642571431839,1346
16.651053432122,1347
16.659535432405,1348
16.668017432687,1349
16.67649943297,1350
16.684981433253,1351
16.693463433536,1352
16.701945433819,1353
16.726378284901,1354
16.743698693983,1355
16.794401898492,1356
16.80705016936,1357
16.815532169643,1358
16.824014169926,1359
16.832496170209,1360
16.840978170492,1361
16.849460170775,1362
16.857942171058,1363
16.872516200928,1364
16.91237806983,1365
16.924779489981,1366
16.942472706567,1367
16.95095470685,1368
16.959436707133,1369
16.967918707416,1370
16.976400707699,1371
16.984882707982,1372
16.993364708265,1373
17.001846708548,1374
17.010328708831,1375
17.018810709114,1376
17.027292709397,1377
17.03577470968,1378
17.044256709962,1379
17.052738710245,1380
17.072821987544,1381
17.081303987827,1382
17.113069669507,1383
17.12759670916,1384
17.136078709443,1385
17.150928578926,1386
17.159410579209,1387
17.167892579492,1388
17.176374579774,1389
17.184856580057,1390
17.200486418444,1391
17.208968418727,1392
17.233976207068,1393
17.242458207351,1394
17.250940207634,1395
17.284800781738,1396
17.293282782021,1397
17.301764782304,1398
17.310246782587,1399
17.31872878287,1400
17.327210783153,1401
17.335692783436,1402
17.344174783719,1403
17.352656784002,1404
17.361138784285,1405
17.369620784567,1406
17.37810278485,1407
17.386584785133,1408
17.395066785416,1409
17.403548785699,1410
17.412030785982,1411
17.420512786265,1412
17.428994786548,1413
17.45097109487,1414
17.463093954387,1415
17.482531967524,1416
17.491013967807,1417
17.49949596809,1418
17.512308279863,1419
17.539983476744,1420
17.548465477027,1421
17.562947058259,1422
17.606332735622,1423
17.614814735905,1424
17.623296736188,1425
17.631778736471,1426
17.640260736754,1427
17.65681592169,1428
17.675898436629,1429
17.723125907193,1430
17.762035339408,1431
17.770517339691,1432
17.778999339974,1433
17.787481340257,1434
17.79596334054,1435
17.804445340823,1436
17.812927341106,1437
17.821409341388,1438
17.829891341671,1439
17.838373341954,1440
17.847592090668,1441
17.856074090951,1442
17.864556091234,1443
17.876136894006,1444
17.884618894289,1445
17.909290959713,1446
17.927364968564,1447
17.942536417566,1448
17.951018417849,1449
17.981078348895,1450
17.989560349178,1451
17.998042349461,1452
18.006524349744,1453
18.015006350027,1454
18.02348835031,1455
18.031970350593,1456
18.040452350876,1457
18.048934351159,1458
18.123130014766,1459
18.131612015049,1460
18.140094015332,1461
18.153228432426,1462
18.165278205234,1463
18.204136891386,1464
18.212618891669,1465
18.221100891952,1466
18.229582892235,1467
18.238064892518,1468
18.246546892801,1469
18.255028893083,1470
18.263510893366,1471
18.271992893649,1472
18.280474893932,1473
18.288956894215,1474
18.297438894498,1475
18.305920894781,1476
18.314402895064,1477
18.322884895347,1478
18.342802408268,1479
18.389167444491,1480
18.408710385304,1481
18.419355762095,1482
18.427837762378,1483
18.436319762661,1484
18.451066751699,1485
18.459548751982,1486
18.468030752264,1487
18.476512752547,1488
18.48499475283,1489
18.493476753113,1490
18.501958753396,1491
18.510440753679,1492
18.518922753962,1493
18.527404754245,1494
18.565038166095,1495
18.573520166378,1496
18.582002166661,1497
18.596994543463,1498
18.605476543746,1499
18.613958544029,1500
18.622440544312,1501
18.630922544595,1502
18.639404544878,1503
18.647886545161,1504
18.656368545444,1505
18.675432221921,1506
18.692225295926,1507
18.718724769634,1508
18.740423325272,1509
18.762823542075,1510
18.771305542358,1511
18.779787542641,1512
18.788269542923,1513
18.796751543206,1514
18.805233543489,1515
18.813715543772,1516
18.822197544055,1517
18.830679544338,1518
18.839161544621,1519
18.847643544904,1520
18.856125545187,1521
18.892180351698,1522
18.912468841856,1523
18.920950842139,1524
18.929432842422,1525
18.937914842705,1526
18.946396842988,1527
18.954878843271,1528
18.963360843554,1529
18.971842843837,1530
18.995732007552,1531
19.004214007835,1532
19.013924154186,1533
19.023645555877,1534
19.041858176918,1535
19.056121138731,1536
19.079716771602,1537
19.102578474537,1538
19.113628163221,1539
19.122110163504,1540
19.150560431902,1541
19.16199421774,1542
19.172212809793,1543
19.180694810076,1544
19.192384613979,1545
19.215367126805,1546
19.223849127088,1547
19.232331127371,1548
19.240813127654,1549
19.249295127937,1550
19.25777712822,1551
19.266259128502,1552
19.293082991518,1553
19.301564991801,1554
19.310046992084,1555
19.318528992367,1556
19.32701099265,1557
19.335492992933,1558
19.350915253208,1559
19.359397253491,1560
19.367879253774,1561
19.376361254057,1562
19.386737481162,1563
19.421636947514,1564
19.430118947797,1565
19.43860094808,1566
19.459538002455,1567
19.468020002738,1568
19.47650200302,1569
19.491729270567,1570
19.50021127085,1571
19.508693271133,1572
19.517175271416,1573
19.525657271699,1574
19.534139271982,1575
19.542621272265,1576
19.551103272548,1577
19.559585272831,1578
19.568067273114,1579
19.576549273397,1580
19.58503127368,1581
19.593513273963,1582
19.601995274245,1583
19.610477274528,1584
19.618959274811,1585
19.627441275094,1586
19.635923275377,1587
19.64440527566,1588
19.652887275943,1589
19.661369276226,1590
19.669851276509,1591
19.678333276792,1592
19.686815277075,1593
19.695297277358,1594
19.703779277641,1595
19.712261277924,1596
19.720743278206,1597
19.729225278489,1598
19.737707278772,1599
19.746189279055,1600
19.754671279338,1601
19.763153279621,1602
19.771635279904,1603
19.780117280187,1604
19.788791185517,1605
19.7972731858,1606
19.813493734971,1607
19.821975735254,1608
19.830457735537,1609
19.83893973582,1610
19.854505213922,1611
19.863926298148,1612
19.87240829843,1613
19.919534050872,1614
19.937078854866,1615
19.945560855149,1616
19.958722231696,1617
19.980714462304,1618
20.002780036618,1619
20.022770976774,1620
20.062142543067,1621
20.078716902629,1622
20.087198902912,1623
20.114239023785,1624
20.126177734596,1625
20.16755886119,1626
20.177998006046,1627
20.186480006329,1628
20.194962006612,1629
20.203444006895,1630
20.226743725628,1631
20.238448838659,1632
20.246930838942,1633
20.287269126328,1634
20.328078099163,1635
20.336560099446,1636
20.345042099729,1637
20.353524100012,1638
20.362006100295,1639
20.370488100578,1640
20.378970100861,1641
20.407271654975,1642
20.415753655257,1643
20.42423565554,1644
20.432717655823,1645
20.441199656106,1646
20.455869621813,1647
20.464351622096,1648
20.472833622378,1649
20.481315622661,1650
20.489797622944,1651
20.498279623227,1652
20.50676162351,1653
20.515243623793,1654
20.523725624076,1655
20.532207624359,1656
20.540689624642,1657
20.549171624925,1658
20.557653625208,1659
20.566135625491,1660
20.574617625774,1661
20.583099626057,1662
20.591581626339,1663
20.610291315096,1664
20.618773315378,1665
20.627255315661,1666
20.635737315944,1667
20.644219316227,1668
20.65270131651,1669
20.661183316793,1670
20.669665317076,1671
20.678147317359,1672
20.686629317642,1673
20.698977892048,1674
20.707459892331,1675
20.715953736708,1676
20.733474453971,1677
20.755266567335,1678
20.791680340857,1679
20.80016234114,1680
20.825925962351,1681
20.834407962634,1682
20.851572616308,1683
20.864730242644,1684
20.873212242927,1685
20.88169424321,1686
20.892435599051,1687
20.902244081296,1688
20.922293651532,1689
20.930775651815,1690
20.939257652098,1691
20.960639274426,1692
20.969121274709,1693
20.977603274992,1694
21.007661797441,1695
21.01917954477,1696
21.027661545053,1697
21.045762443247,1698
21.063952175444,1699
21.072434175727,1700
21.08091617601,1701
21.089398176293,1702
21.097880176576,1703
21.106362176859,1704
21.114844177142,1705
21.123326177425,1706
21.131808177707,1707
21.14029017799,1708
21.148772178273,1709
21.157254178556,1710
21.165736178839,1711
21.174218179122,1712
21.182700179405,1713
21.191182179688,1714
21.207062148604,1715
21.215544148887,1716
21.226805782742,1717
21.238252534012,1718
21.246734534295,1719
21.255216534578,1720
21.263698534861,1721
21.272180535144,1722
21.280662535427,1723
21.28914453571,1724
21.297626535993,1725
21.31177974242,1726
21.3329542131,1727
21.358083577183,1728
21.366565577466,1729
21.375047577749,1730
21.383529578032,1731
21.392011578315,1732
21.413378693359,1733
21.423032639877,1734
21.442675655193,1735
21.451157655476,1736
21.484513003962,1737
21.518565300342,1738
21.53526563656,1739
21.543747636843,1740
21.552229637126,1741
21.560711637409,1742
21.593843517947,1743
21.60232551823,1744
21.630285900498,1745
21.638767900781,1746
21.649354083224,1747
21.657836083507,1748
21.66631808379,1749
21.674800084073,1750
21.697763385785,1751
21.722735863008,1752
21.744590777629,1753
21.753072777912,1754
21.769814224047,1755
21.77829622433,1756
21.790053143086,1757
21.810078207156,1758
21.842666357264,1759
21.851148357547,1760
21.85963035783,1761
21.868112358113,1762
21.876594358396,1763
21.885076358679,1764
21.893558358962,1765
21.902040359245,1766
21.910522359528,1767
21.919004359811,1768
21.927486360093,1769
21.935968360376,1770
21.944450360659,1771
21.952932360942,1772
21.961414361225,1773
21.969896361508,1774
21.978378361791,1775
21.986860362074,1776
21.995342362357,1777
22.00382436264,1778
22.012306362923,1779
22.020788363206,1780
22.038225753579,1781
22.055822649117,1782
22.0643046494,1783
22.072786649683,1784
22.081268649966,1785
22.089750650249,1786
22.098232650532,1787
22.106714650815,1788
22.115196651098,1789
22.123678651381,1790
22.132160651664,1791
22.160009892293,1792
22.187426397246,1793
22.204443489664,1794
22.222103960237,1795
22.238696399868,1796
22.280108184943,1797
22.288590185226,1798
22.297072185509,1799
22.305554185791,1800
22.323380090892,1801
22.331862091175,1802
22.340344091458,1803
22.350823153859,1804
22.368528378688,1805
22.381658427667,1806
22.402995291301,1807
22.411477291584,1808
22.419959291867,1809
22.42844129215,1810
22.436923292432,1811
22.445405292715,1812
22.460034431907,1813
22.476196431087,1814
22.496075534221,1815
22.504557534503,1816
22.514937301119,1817
22.523419301402,1818
22.531901301685,1819
22.540383301968,1820
22.54886530225,1821
22.557347302533,1822
22.565829302816,1823
22.574311303099,1824
22.582793303382,1825
22.602343680448,1826
22.61296515715,1827
22.626652261471,1828
22.635134261754,1829
22.643616262037,1830
22.65209826232,1831
22.660580262603,1832
22.669062262886,1833
22.677544263169,1834
22.686026263452,1835
22.724902747355,1836
22.733384747638,1837
22.741866747921,1838
22.750348748204,1839
22.758830748487,1840
22.76731274877,1841
22.775794749053,1842
22.784276749336,1843
22.792758749619,1844
22.801240749902,1845
22.809722750185,1846
22.818204750468,1847
22.826686750751,1848
22.835168751033,1849
22.843650751316,1850
22.852132751599,1851
22.860614751882,1852
22.869096752165,1853
22.877578752448,1854
22.886060752731,1855
22.894542753014,1856
22.903024753297,1857
22.91150675358,1858
22.919988753863,1859
22.928470754146,1860
22.936952754429,1861
22.945434754712,1862
22.953916754994,1863
22.962398755277,1864
22.97088075556,1865
22.979362755843,1866
22.99674422748,1867
23.018957364095,1868
23.03091262681,1869
23.062200103363,1870
23.070682103646,1871
23.079164103929,1872
23.087646104212,1873
23.104920021238,1874
23.133628392106,1875
23.142110392389,1876
23.181351395287,1877
23.211025165382,1878
23.219507165665,1879
23.227989165948,1880
23.244310851974,1881
23.253599938065,1882
23.272301358044,1883
23.284294301151,1884
23.292776301434,1885
23.301258301717,1886
23.333889369636,1887
23.342371369919,1888
23.350853370202,1889
23.359335370485,1890
23.367817370768,1891
23.376299371051,1892
23.384781371334,1893
23.393263371617,1894
23.401745371899,1895
23.431665281495,1896
23.440147281778,1897
23.448629282061,1898
23.457111282344,1899
23.482408603748,1900
23.512775810404,1901
23.521257810687,1902
23.52973981097,1903
23.538221811253,1904
23.546703811536,1905
23.55702752764,1906
23.565509527923,1907
23.573991528206,1908
23.582473528489,1909
23.590955528772,1910
23.611877789445,1911
23.620359789728,1912
23.628841790011,1913
23.641659342481,1914
23.650141342764,1915
23.686337870372,1916
23.694819870655,1917
23.714413837209,1918
23.722895837492,1919
23.731377837775,1920
23.739859838058,1921
23.748341838341,1922
23.786837048992,1923
23.800763796543,1924
23.811398209633,1925
23.823531677332,1926
23.832895587504,1927
23.862251968022,1928
23.870733968305,1929
23.879215968588,1930
23.90882389187,1931
23.918215674008,1932
23.932760433424,1933
23.941242433707,1934
23.952291804395,1935
23.991884342523,1936
24.006992154319,1937
24.015474154602,1938
24.023956154885,1939
24.032438155168,1940
24.040920155451,1941
24.049402155734,1942
24.057884156017,1943
24.085441440601,1944
24.093923440884,1945
24.102405441167,1946
24.11088744145,1947
24.121581630241,1948
24.130063630524,1949
24.138545630806,1950
24.147027631089,1951
24.155509631372,1952
24.163991631655,1953
24.172473631938,1954
24.180955632221,1955
24.189437632504,1956
24.197919632787,1957
24.20640163307,1958
24.214883633353,1959
24.223365633636,1960
24.231847633919,1961
24.240329634202,1962
24.248811634485,1963
24.257293634767,1964
24.281173090047,1965
24.291150892395,1966
24.299632892678,1967
24.308114892961,1968
24.316596893244,1969
24.325078893527,1970
24.333560893809,1971
24.342042894092,1972
24.39541260393,1973
24.404588552859,1974
24.413070553142,1975
24.421552553425,1976
24.430034553707,1977
24.43851655399,1978
24.446998554273,1979
24.455480554556,1980
24.463962554839,1981
24.472444555122,1982
24.480926555405,1983
24.489408555688,1984
24.497890555971,1985
24.506372556254,1986
24.514854556537,1987
24.52333655682,1988
24.531818557103,1989
24.540300557386,1990
24.548782557668,1991
24.56110702726,1992
24.570597206663,1993
24.595713063559,1994
24.606928827449,1995
24.651093699838,1996
24.716400499724,1997
24.724882500007,1998
24.738509776745,1999
24.746991777028,2000
24.755473777311,2001
24.763955777594,2002
24.772437777877,2003
24.78091977816,2004
24.789401778443,2005
24.797883778726,2006
24.806365779009,2007
24.814847779291,2008
24.833566689385,2009
24.842293063356,2010
24.850775063639,2011
24.859257063922,2012
24.867739064205,2013
24.876221064488,2014
24.884703064771,2015
24.893185065054,2016
24.904888450637,2017
24.924904664051,2018
24.933386664334,2019
24.948814489832,2020
24.957296490115,2021
24.965778490398,2022
24.982554910181,2023
24.991528286434,2024
25.000010286717,2025
25.008492287,2026
25.016974287283,2027
25.03882324324,2028
25.047305243523,2029
25.055787243806,2030
25.064269244089,2031
25.072751244372,2032
25.081233244655,2033
25.091403839892,2034
25.099885840175,2035
25.108367840458,2036
25.116849840741,2037
25.125331841024,2038
25.133813841307,2039
25.14229584159,2040
25.150777841873,2041
25.159259842156,2042
25.167741842439,2043
25.178550808159,2044
25.187032808442,2045
25.195514808725,2046
25.20942688171,2047
25.238173364176,2048
25.261001017673,2049
25.269483017955,2050
25.277965018238,2051
25.322434550196,2052
25.354177370336,2053
25.362659370618,2054
25.372960264355,2055
25.382800324258,2056
25.39387288897,2057
25.404882517751,2058
25.425104918589,2059
25.433586918872,2060
25.442068919155,2061
25.450550919438,2062
25.459032919721,2063
25.467514920004,2064
25.475996920287,2065
25.48447892057,2066
25.513812444688,2067
25.525546223531,2068
25.540675041727,2069
25.586918132165,2070
25.604426539144,2071
25.612908539427,2072
25.652674026884,2073
25.661156027167,2074
25.66963802745,2075
25.678120027733,2076
25.686602028016,2077
25.695084028299,2078
25.703566028582,2079
25.712048028865,2080
25.720530029148,2081
25.729012029431,2082
25.75046486623,2083
25.76150946041,2084
25.769991460693,2085
25.791352542638,2086
25.824764467816,2087
25.833246468099,2088
25.846962350321,2089
25.855444350604,2090
25.863926350887,2091
25.874328823772,2092
25.890324720189,2093
25.927571490649,2094
25.936053490932,2095
25.95147059816,2096
25.959952598443,2097
25.968434598726,2098
25.977001816818,2099
26.000751048819,2100
26.028005293151,2101
26.040581671824,2102
26.078648692922,2103
26.087130693205,2104
26.095612693488,2105
26.122615904294,2106
26.131097904577,2107
26.13957990486,2108
26.148061905143,2109
26.156543905426,2110
26.165025905709,2111
26.173507905991,2112
26.181989906274,2113
26.190471906557,2114
26.19895390684,2115
26.207435907123,2116
26.221509273005,2117
26.235305767145,2118
26.243787767428,2119
26.252269767711,2120
26.260751767994,2121
26.269233768277,2122
26.277715768559,2123
26.286197768842,2124
26.294679769125,2125
26.303161769408,2126
26.321885094225,2127
26.338867831443,2128
26.366079327466,2129
26.374561327749,2130
26.383043328032,2131
26.391525328315,2132
26.400007328598,2133
26.408489328881,2134
26.416971329164,2135
26.432693309458,2136
26.441175309741,2137
26.449657310024,2138
26.458139310307,2139
26.46662131059,2140
26.490833296272,2141
26.499335727645,2142
26.507817727928,2143
26.516299728211,2144
26.524781728494,2145
26.533263728777,2146
26.559878565685,2147
26.579321395448,2148
26.587803395731,2149
26.600446638257,2150
26.60892863854,2151
26.617928713533,2152
26.626410713816,2153
26.634892714099,2154
26.643374714382,2155
26.651856714664,2156
26.660338714947,2157
26.66882071523,2158
26.677302715513,2159
26.685784715796,2160
26.694266716079,2161
26.702748716362,2162
26.719099422189,2163
26.727581422472,2164
26.76678682835,2165
26.77660403575,2166
26.785086036033,2167
26.793568036315,2168
26.802050036598,2169
26.810532036881,2170
26.819014037164,2171
26.827496037447,2172
26.83597803773,2173
26.844460038013,2174
26.852942038296,2175
26.861424038579,2176
26.869906038862,2177
26.878388039145,2178
26.886870039428,2179
26.895352039711,2180
26.90636008941,2181
26.915665448896,2182
26.924147449179,2183
26.942504646431,2184
26.956017282798,2185
26.97504903477,2186
26.983531035053,2187
26.992013035336,2188
27.000495035619,2189
27.008977035902,2190
27.017459036185,2191
27.047346029736,2192
27.055828030019,2193
27.086606553592,2194
27.101858598851,2195
27.110340599134,2196
27.136253246081,2197
27.144735246364,2198
27.154464617503,2199
27.165893074533,2200
27.174375074816,2201
27.182857075099,2202
27.191339075382,2203
27.199821075665,2204
27.208303075948,2205
27.222789935691,2206
27.231271935974,2207
27.267054441561,2208
27.282930851468,2209
27.293343152131,2210
27.304616354716,2211
27.341291521124,2212
27.349877557656,2213
27.379890636164,2214
27.388372636447,2215
27.39685463673,2216
27.405336637013,2217
27.413818637296,2218
27.422300637579,2219
27.430782637862,2220
27.439264638145,2221
27.447746638428,2222
27.45622863871,2223
27.464710638993,2224
27.473192639276,2225
27.481674639559,2226
27.490156639842,2227
27.498638640125,2228
27.507120640408,2229
27.515602640691,2230
27.524084640974,2231
27.540953532591,2232
27.549435532873,2233
27.557917533156,2234
27.566399533439,2235
27.574881533722,2236
27.583363534005,2237
27.591845534288,2238
27.600327534571,2239
27.608809534854,2240
27.617291535137,2241
27.62577353542,2242
27.63905186164,2243
27.647533861923,2244
27.657826986108,2245
27.674791743343,2246
27.702392412182,2247
27.710874412465,2248
27.719356412747,2249
27.72783841303,2250
27.736320413313,2251
27.744802413596,2252
27.753284413879,2253
27.761766414162,2254
27.770248414445,2255
27.778730414728,2256
27.787212415011,2257
27.826711270437,2258
27.837648882367,2259
27.84613088265,2260
27.875861261361,2261
27.884343261644,2262
27.892825261927,2263
27.906335929509,2264
27.914817929792,2265
27.923299930075,2266
27.931781930358,2267
27.940263930641,2268
27.948745930924,2269
27.957227931207,2270
27.96570993149,2271
27.974191931773,2272
27.982673932056,2273
27.991155932339,2274
27.999637932622,2275
28.008119932905,2276
28.016601933187,2277
28.02508393347,2278
28.033565933753,2279
28.051185726272,2280
28.059667726555,2281
28.068149726838,2282
28.076631727121,2283
28.085113727404,2284
28.096716493918,2285
28.120894782684,2286
28.132959005682,2287
28.147180484394,2288
28.16414448496,2290
28.172626485243,2291
28.190157831207,2292
28.198822174918,2293
28.245685199704,2294
28.264835246601,2295
28.30464265938,2296
28.329142545786,2297
28.337624546069,2298
28.358958400943,2299
28.367440401226,2300
28.378303539887,2301
28.386785540169,2302
28.395267540452,2303
28.403749540735,2304
28.425947278369,2305
28.434429278652,2306
28.442911278935,2307
28.457751361289,2308
28.466234390492,2309
28.50614229649,2310
28.528744206458,2311
28.537226206741,2312
28.545708207024,2313
28.554190207307,2314
28.583881167109,2315
28.592363167392,2316
28.600845167675,2317
28.609327167958,2318
28.617809168241,2319
28.626291168524,2320
28.636008274064,2321
28.666098023542,2322
28.674580023825,2323
28.683062024108,2324
28.691544024391,2325
28.742670825797,2326
28.751152826079,2327
28.767148665054,2328
28.832046589284,2330
28.846414575321,2331
28.861660909674,2332
28.870142909957,2333
28.878624910239,2334
28.888932591335,2335
28.912647061043,2336
28.921129061326,2337
28.929611061609,2338
28.946575062175,2340
28.955057062458,2341
28.963539062741,2342
28.972021063024,2343
28.980503063307,2344
28.98898506359,2345
28.997467063873,2346
29.005949064156,2347
29.014431064438,2348
29.022913064721,2349
29.046340557398,2350
29.064911692648,2351
29.073393692931,2352
29.111088670455,2353
29.12241155293,2354
29.144281164653,2355
29.152763164936,2356
29.182826780334,2357
29.191308780616,2358
29.199790780899,2359
29.208272781182,2360
29.247524650699,2361
29.276627964308,2362
29.294894810289,2363
29.311858810855,2365
29.320340811138,2366
29.32882281142,2367
29.337304811703,2368
29.345786811986,2369
29.354268812269,2370
29.378700127358,2371
29.411419656266,2372
29.419901656549,2373
29.428383656831,2374
29.436865657114,2375
29.445347657397,2376
29.454275133714,2377
29.462757133997,2378
29.517459682185,2379
29.525941682468,2380
29.54467751405,2381
29.565709112933,2382
29.594357216265,2383
29.602839216548,2384
29.611321216831,2385
29.630001075338,2386
29.638483075621,2387
29.646965075904,2388
29.655447076186,2389
29.663929076469,2390
29.672411076752,2391
29.693656073233,2393
29.727233077155,2394
29.735715077438,2395
29.744197077721,2396
29.752679078004,2397
29.761161078287,2398
29.778125078853,2400
29.786607079136,2401
29.795089079418,2402
29.812053079984,2404
29.820535080267,2405
29.82901708055,2406
29.837499080833,2407
29.845981081116,2408
29.854463081399,2409
29.862945081682,2410
29.912790978911,2412
29.921272979193,2413
29.929754979476,2414
29.939458034821,2415
29.947940035104,2416
29.957636331398,2417
29.966118331681,2418
29.990205688347,2420
30.003638509704,2421
30.013117916262,2422
30.035490873987,2423
30.049835011162,2424
30.062416113852,2425
30.080508672538,2426
30.088990672821,2427
30.097472673104,2428
30.117428759513,2429
30.125910759795,2430
30.134392760078,2431
30.142874760361,2432
30.151356760644,2433
30.159838760927,2434
30.16832076121,2435
30.176802761493,2436
30.193766762059,2438
30.202248762342,2439
30.210730762625,2440
30.219212762908,2441
30.227694763191,2442
30.236176763474,2443
30.247437113827,2444
30.25591911411,2445
30.265815545585,2446
30.291738548954,2447
30.302768906171,2448
30.318509753455,2449
30.326991753738,2450
30.344878882565,2452
30.362727203088,2453
30.371209203371,2454
30.379691203654,2455
30.389656098772,2456
30.410996673374,2457
30.419478673657,2458
30.42796067394,2459
30.440771487642,2460
30.483279454431,2461
30.494067736905,2462
30.513611145063,2463
30.522093145346,2464
30.530575145629,2465
30.539057145912,2466
30.556021146477,2468
30.56450314676,2469
30.572985147043,2470
30.581467147326,2471
30.589949147609,2472
30.598431147892,2473
30.606913148175,2474
30.615395148458,2475
30.632768272646,2476
30.664697249259,2477
30.683961597022,2478
30.705691321262,2479
30.714173321545,2480
30.722655321828,2481
30.731137322111,2482
30.756303091725,2484
30.764785092008,2485
30.773267092291,2486
30.781749092574,2487
30.790231092857,2488
30.812281742804,2490
30.820763743087,2491
30.82924574337,2492
30.837727743653,2493
30.895650606602,2494
30.904132606885,2495
30.912614607168,2496
30.947757318396,2497
30.956239318679,2498
30.966410877697,2499
30.991013867728,2500
31.006778676987,2501
31.01526067727,2502
31.023742677553,2503
31.032224677836,2504
31.055150108825,2505
31.063632109107,2506
31.07211410939,2507
31.093017948944,2509
31.117248245494,2510
31.125730245777,2511
31.13421224606,2512
31.147200843321,2513
31.155682843604,2514
31.166061226726,2515
31.192623750669,2516
31.201105750952,2517
31.209587751235,2518
31.218069751518,2519
31.230945810616,2520
31.248637101676,2522
31.266910801525,2523
31.27806910466,2524
31.286551104943,2525
31.332848473916,2526
31.360537099105,2527
31.369019099388,2528
31.377501099671,2529
31.391255387897,2530
31.39973738818,2531
31.41254313623,2532
31.429507136796,2534
31.437989137079,2535
31.446471137362,2536
31.454953137645,2537
31.519258434579,2538
31.527740434861,2539
31.536222435144,2540
31.544704435427,2541
31.55318643571,2542
31.561668435993,2543
31.570150436276,2544
31.578632436559,2545
31.595596437125,2547
31.612560437691,2549
31.621042437974,2550
31.629524438257,2551
31.63800643854,2552
31.646488438822,2553
31.662356982264,2554
31.670838982547,2555
31.691884488096,2556
31.700366488379,2557
31.708848488662,2558
31.717330488945,2559
31.735926185542,2561
31.744408185825,2562
31.75320086313,2563
31.761682863413,2564
31.770164863696,2565
31.778646863979,2566
31.787128864262,2567
31.795610864545,2568
31.804092864828,2569
31.812574865111,2570
31.821056865393,2571
31.829538865676,2572
31.846502866242,2574
31.854984866525,2575
31.863466866808,2576
31.871948867091,2577
31.888912867657,2579
31.89739486794,2580
31.920727902485,2582
31.929209902768,2583
31.937691903051,2584
31.946173903334,2585
31.954655903617,2586
31.976152027616,2587
31.993116028182,2589
32.010080028748,2591
32.018562029031,2592
32.066062268944,2593
32.109638091755,2594
32.118120092038,2595
32.126602092321,2596
32.143566092887,2598
32.15204809317,2599
32.160530093453,2600
32.197705013995,2602
32.206187014278,2603
32.224693860921,2604
32.241657861487,2606
32.259508527412,2607
32.277385284806,2608
32.285867285089,2609
32.323278281958,2611
32.331760282241,2612
32.340242282524,2613
32.348724282807,2614
32.357206283089,2615
32.365688283372,2616
32.374170283655,2617
32.382652283938,2618
32.391134284221,2619
32.399616284504,2620
32.408098284787,2621
32.425062285353,2623
32.433544285636,2624
32.442026285919,2625
32.450508286202,2626
32.475458410011,2627
32.483940410294,2628
32.492422410577,2629
32.509386411143,2631
32.531042883444,2632
32.545447625013,2633
32.59219220733,2634
32.60209384906,2635
32.610575849343,2636
32.627539849909,2638
32.636021850192,2639
32.644503850475,2640
32.652985850758,2641
32.662200728462,2642
32.670682728745,2643
32.683503113529,2644
32.709439178993,2645
32.717921179276,2646
32.745603196531,2648
32.767398183939,2650
32.775880184222,2651
32.80641519797,2652
32.847312913895,2654
32.884598731552,2655
32.918526732684,2659
32.942528296566,2660
32.964976672987,2661
32.980753302694,2662
33.014369869961,2665
33.024287320643,2666
33.039112861457,2667
33.04759486174,2668
33.081818857649,2671
33.108898369886,2672
33.134727351851,2673
33.144111246164,2674
33.167725349227,2676
33.176235347551,2677
33.185711611939,2678
33.194193612222,2679
33.211157612788,2681
33.219639613071,2682
33.228121613354,2683
33.24508561392,2685
33.262049614486,2687
33.270531614769,2688
33.279013615052,2689
33.287495615335,2690
33.297697220587,2691
33.342377090548,2692
33.357747325878,2693
33.366229326161,2694
33.395367375655,2697
33.403849375938,2698
33.420813376504,2700
33.429295376787,2701
33.437777377069,2702
33.463223377918,2705
33.471705378201,2706
33.480187378484,2707
33.488669378767,2708
33.513625533008,2710
33.522107533291,2711
33.530589533574,2712
33.542936011393,2713
33.558342194921,2714
33.585197337948,2716
33.593679338231,2717
33.623244843837,2720
33.63172684412,2721
33.64770503736,2722
33.675001739169,2724
33.683483739452,2725
33.723255257737,2727
33.740219258303,2729
33.748701258586,2730
33.76150666066,2731
33.769988660943,2732
33.786952661509,2734
33.816971294512,2735
33.837877445476,2736
33.892108821607,2739
33.90059082189,2740
34.008444926422,2746
34.019828424506,2747
34.037643174873,2748
34.046125175156,2749
34.115024390417,2750
34.155909177322,2753
34.173426528211,2755
34.212687141465,2756
34.221169141748,2757
34.238133142313,2759
34.255097142879,2761
34.263579143162,2762
34.272061143445,2763
34.280543143728,2764
34.364675614618,2766
34.383913637856,2768
34.421408106427,2769
34.42989010671,2770
34.443109497131,2771
34.468555497979,2774
34.499552131705,2777
34.524998132554,2780
34.543990703266,2782
34.552472703549,2783
34.565316229967,2784
34.607726231382,2789
34.624690231948,2791
34.641654232513,2793
34.650136232796,2794
34.658618233079,2795
34.667100233362,2796
34.684064233928,2798
34.692546234211,2799
34.701028234494,2800
34.71799223506,2802
34.726474235343,2803
34.740302049657,2804
34.757266050223,2806
34.765748050506,2807
34.774230050789,2808
34.800030773805,2809
34.816994774371,2811
34.854004267823,2814
34.86734721304,2815
34.884311213606,2817
34.901275214171,2819
34.909757214454,2820
34.918239214737,2821
34.935203215303,2823
34.949087758719,2824
35.041037097515,2827
35.049519097798,2828
35.065514558094,2829
35.078480838135,2830
35.114953173168,2834
35.123435173451,2835
35.204656017128,2842
35.230102017977,2845
35.247066018543,2847
35.264030019109,2849
35.300640759411,2852
35.309122759694,2853
35.348896507054,2856
35.423864342599,2860
35.432346342882,2861
35.449310343448,2863
35.466274344014,2865
35.48323834458,2867
35.508684345428,2870
35.522673632194,2871
35.58993773641,2874
35.598419736693,2875
35.640829738107,2880
35.657793738673,2882
35.684880772644,2884
35.70184477321,2886
35.747322115421,2891
35.755804115703,2892
35.764286115986,2893
35.772768116269,2894
35.784595491252,2895
35.869586082358,2903
35.886550082924,2905
35.90351408349,2907
35.945924084904,2912
35.971370085753,2915
35.996816086602,2918
36.005298086885,2919
36.03876087854,2921
36.110621929602,2926
36.127585930168,2928
36.167780478315,2931
36.18956342227,2932
36.226037911038,2935
36.234519911321,2936
36.279635594664,2939
36.305811147879,2942
36.331257148728,2945
36.391076498541,2947
36.443735034421,2950
36.455076283171,2951
36.474652371256,2952
36.500969862209,2955
36.666880690692,2963
36.842170167091,2977
36.899205459743,2981
36.914819668448,2982
36.935413475853,2984
36.943895476136,2985
36.952377476419,2986
36.979375702545,2988
37.133415302059,3004
37.151453501103,3006
37.159935501386,3007
37.205093236991,3012
37.288625417181,3016
37.297107417464,3017
37.322553418313,3020
37.469054075938,3035
37.516694233127,3039
37.568013132919,3045
37.613258629688,3050
37.718357090232,3062
37.76924909193,3068
37.786213092496,3070
37.794695092779,3071
37.859886518345,3075
38.030890270643,3088
38.06076375758,3091
38.086209758428,3094
38.191235014667,3105
38.19971701495,3106
38.668061869209,3136
38.805432270766,3146
39.340974288339,3197
39.487678400449,3211
39.621029909801,3226
40.46488920426,3298
